[{"family":"MaterialIcons","fonts":[{"asset":"fonts/MaterialIcons-Regular.otf"}]},{"family":"Cairo","fonts":[{"weight":300,"asset":"assets/fonts/Cairo-Light.ttf"},{"weight":400,"asset":"assets/fonts/Cairo-Regular.ttf"},{"weight":500,"asset":"assets/fonts/Cairo-Medium.ttf"},{"weight":600,"asset":"assets/fonts/Cairo-SemiBold.ttf"},{"weight":700,"asset":"assets/fonts/Cairo-Bold.ttf"}]},{"family":"packages/cupertino_icons/CupertinoIcons","fonts":[{"asset":"packages/cupertino_icons/assets/CupertinoIcons.ttf"}]}]