{"assets/fonts/Cairo-Bold.ttf":["assets/fonts/Cairo-Bold.ttf"],"assets/fonts/Cairo-Light.ttf":["assets/fonts/Cairo-Light.ttf"],"assets/fonts/Cairo-Medium.ttf":["assets/fonts/Cairo-Medium.ttf"],"assets/fonts/Cairo-Regular.ttf":["assets/fonts/Cairo-Regular.ttf"],"assets/fonts/Cairo-SemiBold.ttf":["assets/fonts/Cairo-SemiBold.ttf"],"assets/icons/Stc_pay.svg":["assets/icons/Stc_pay.svg"],"assets/icons/add.svg":["assets/icons/add.svg"],"assets/icons/apple-pay-svgrepo-com.svg":["assets/icons/apple-pay-svgrepo-com.svg"],"assets/icons/bg.png":["assets/icons/bg.png"],"assets/icons/cart.svg":["assets/icons/cart.svg"],"assets/icons/check.svg":["assets/icons/check.svg"],"assets/icons/clear.svg":["assets/icons/clear.svg"],"assets/icons/customer_support.svg":["assets/icons/customer_support.svg"],"assets/icons/empty.png":["assets/icons/empty.png"],"assets/icons/iconoir_wallet.svg":["assets/icons/iconoir_wallet.svg"],"assets/icons/loading.json":["assets/icons/loading.json"],"assets/icons/loading_white.svg":["assets/icons/loading_white.svg"],"assets/icons/logo.png":["assets/icons/logo.png"],"assets/icons/logo_splash_android12.png":["assets/icons/logo_splash_android12.png"],"assets/icons/logo_splash_android12_dark.png":["assets/icons/logo_splash_android12_dark.png"],"assets/icons/mastercard-old-svgrepo-com.svg":["assets/icons/mastercard-old-svgrepo-com.svg"],"assets/icons/meal.png":["assets/icons/meal.png"],"assets/icons/menu.svg":["assets/icons/menu.svg"],"assets/icons/min.svg":["assets/icons/min.svg"],"assets/icons/profile.png":["assets/icons/profile.png"],"assets/icons/splash.png":["assets/icons/splash.png"],"assets/icons/star.svg":["assets/icons/star.svg"],"assets/icons/star_in.svg":["assets/icons/star_in.svg"],"assets/test/big_pizza.png":["assets/test/big_pizza.png"],"assets/test/pizza.png":["assets/test/pizza.png"],"assets/test/ring.mp3":["assets/test/ring.mp3"],"assets/test/test_slider.png":["assets/test/test_slider.png"],"assets/translations/ar.json":["assets/translations/ar.json"],"assets/translations/en.json":["assets/translations/en.json"],"packages/awesome_notifications/test/assets/images/test_image.png":["packages/awesome_notifications/test/assets/images/test_image.png"],"packages/cupertino_icons/assets/CupertinoIcons.ttf":["packages/cupertino_icons/assets/CupertinoIcons.ttf"],"packages/moyasar/assets/images/amex.png":["packages/moyasar/assets/images/amex.png"],"packages/moyasar/assets/images/mada.png":["packages/moyasar/assets/images/mada.png"],"packages/moyasar/assets/images/mastercard.png":["packages/moyasar/assets/images/mastercard.png"],"packages/moyasar/assets/images/visa.png":["packages/moyasar/assets/images/visa.png"],"packages/pay_platform_interface/pubspec.yaml":["packages/pay_platform_interface/pubspec.yaml"],"packages/window_manager/images/ic_chrome_close.png":["packages/window_manager/images/ic_chrome_close.png"],"packages/window_manager/images/ic_chrome_maximize.png":["packages/window_manager/images/ic_chrome_maximize.png"],"packages/window_manager/images/ic_chrome_minimize.png":["packages/window_manager/images/ic_chrome_minimize.png"],"packages/window_manager/images/ic_chrome_unmaximize.png":["packages/window_manager/images/ic_chrome_unmaximize.png"]}